{

  "customsounds.flute.flute.wood": {
    "sounds": [
      {
        "name": "custom_sounds/flute/flute_wood",
        "attenuation_distance": 10
      }
    ]
  },
  "customsounds.flute.flute.iron": {
    "sounds": [
      {
        "name": "custom_sounds/flute/flute_iron",
        "attenuation_distance": 30
      }
    ]
  },

  "customsounds.server.action.player.join": {
    "sounds": [
      {
        "name": "custom_sounds/server_action/player_join"
      }
    ]
  },

  "customsounds.player.action.crouch": {
    "sounds": [
      {
        "name": "custom_sounds/player_action/crouch"
      }
    ]
  },
  "customsounds.player.action.craft": {
    "sounds": [
      {
        "name": "custom_sounds/player_action/craft"
      }
    ]
  },

  "customsounds.backpack.backpack.open": {
    "sounds": [
      {
        "name": "custom_sounds/backpack/backpack_open"
      }
    ]
  },
  "customsounds.backpack.backpack.close": {
    "sounds": [
      {
        "name": "custom_sounds/backpack/backpack_close"
      }
    ]
  },

  "customsounds.flashlight.click": {
    "sounds": [
      {
        "name": "custom_sounds/flashlight_click"
      }
    ]
  }

}