{
    "providers": [

        {
            "type": "bitmap",
            "file": "minecraft:custom_icons/relaxo_labor_low_res.png",
            "ascent": 38,
            "height": 38,
            "chars": ["\uE000"]
        },

        {
            "type": "bitmap",
            "file": "minecraft:custom_chat_symbols/emotes/5Head.png",
            "height": 12,
            "ascend": 12,
            "chars": ["\uE001"]
        },
        {
            "type": "bitmap",
            "file": "minecraft:custom_chat_symbols/emotes/HAhaa.png",
            "height": 12,
            "ascend": 12,
            "chars": ["\uE002"]
        },
        {
            "type": "bitmap",
            "file": "minecraft:custom_chat_symbols/emotes/HYPERS.png",
            "height": 12,
            "ascend": 12,
            "chars": ["\uE003"]
        },
        {
            "type": "bitmap",
            "file": "minecraft:custom_chat_symbols/emotes/monkaMega.png",
            "height": 12,
            "ascend": 12,
            "chars": ["\uE004"]
        },
        {
            "type": "bitmap",
            "file": "minecraft:custom_chat_symbols/emotes/monkaW.png",
            "height": 12,
            "ascend": 12,
            "chars": ["\uE005"]
        },
        {
            "type": "bitmap",
            "file": "minecraft:custom_chat_symbols/emotes/PogU.png",
            "height": 12,
            "ascend": 12,
            "chars": ["\uE006"]
        },
        {
            "type": "bitmap",
            "file": "minecraft:custom_chat_symbols/emotes/weirdChamp.png",
            "height": 12,
            "ascend": 12,
            "chars": ["\uE007"]
        },
        {
            "type": "bitmap",
            "file": "minecraft:custom_chat_symbols/emotes/weSmart.png",
            "height": 12,
            "ascend": 12,
            "chars": ["\uE008"]
        },
        {
            "type": "bitmap",
            "file": "minecraft:custom_chat_symbols/emotes/pepega.png",
            "height": 12,
            "ascend": 12,
            "chars": ["\uE009"]
        }
    ]
}