{
  "parent": "item/handheld",
  "display": {
    "thirdperson_righthand": {
      "rotation": [0, -90, 0],
      "translation": [0, 4, 1],
      "scale": [2, 2, 2]
    },
    "thirdperson_lefthand": {
      "rotation": [0, 90, 0],
      "translation": [0, 4, 1],
      "scale": [2, 2, 2]
    },
    "firstperson_righthand": {
      "rotation": [0, 90, 0],
      "translation": [2, 4, 2],
      "scale": [1.2, 1.2, 1.2]
    },
    "firstperson_lefthand": {
      "rotation": [0, 90, 0],
      "translation": [2, 4, 2],
      "scale": [1.2, 1.2, 1.2]
    }
  }
}