{
    "elements": [
        {
            "from": [ -16, -16, 15.9375 ],
            "to": [ 32, 32, 16 ],
            "faces": {
                "north": { "uv": [ 11, 16, 0, 5 ], "rotation": 180, "texture": "#texture" },
                "south": { "uv": [ 0, 5, 11, 16 ], "texture": "#texture" }
            }
        }
    ],
    "display": {
        "firstperson_lefthand": {
            "rotation": [ 0, 0, 0 ],
            "translation": [ 0, 0, 0 ],
            "scale": [ 0, 0, 0 ]
        },
        "firstperson_righthand": {
            "rotation": [ 0, 0, 0 ],
            "translation": [ 0, 0, 0 ],
            "scale": [ 0, 0, 0 ]
        },
        "thirdperson_lefthand": {
            "rotation": [ 0, 0, 0 ],
            "translation": [ 0, 0, 0 ],
            "scale": [ 0, 0, 0 ]
        },
        "thirdperson_righthand": {
            "rotation": [ 0, 0, 0 ],
            "translation": [ 0, 0, 0 ],
            "scale": [ 0, 0, 0 ]
        },
        "ground": {
            "rotation": [ 0.2, 0.2, 0.2 ],
            "translation": [ 0.2, 0.2, 0.2 ],
            "scale": [ 0.2, 0.2, 0.2 ]
        }
    }
}