{
    "parent": "item/generated",
    "textures": {
        "layer0": "item/chest_minecart"
    },
    "overrides": [

        { "predicate": { "custom_model_data": 1 }, "model": "custom_guis/inventory_blocked_slot" },

        { "predicate": { "custom_model_data": 1001 }, "model": "custom_guis/backpack/backpack_inventory_player" },
        { "predicate": { "custom_model_data": 1002 }, "model": "custom_guis/backpack/backpack_inventory_small" },
        { "predicate": { "custom_model_data": 1003 }, "model": "custom_guis/backpack/backpack_inventory_normal" }

    ]
}
