{
    "parent": "item/generated",
    "textures": {
        "layer0": "item/iron_nugget"
    },
	"overrides": [

		{ "predicate": { "custom_model_data": 1001 }, "model": "custom_items/mob_catcher/mob_catcher_empty" },
        { "predicate": { "custom_model_data": 1002 }, "model": "custom_items/mob_catcher/mob_catcher_full" },

        { "predicate": { "custom_model_data": 1101 }, "model": "custom_items/backpack/backpack_small" },
        { "predicate": { "custom_model_data": 1102 }, "model": "custom_items/backpack/backpack_normal" },
        { "predicate": { "custom_model_data": 1103 }, "model": "custom_items/backpack/backpack_big" },
        { "predicate": { "custom_model_data": 1104 }, "model": "custom_items/backpack/backpack_huge" },

        { "predicate": { "custom_model_data": 1201 }, "model": "custom_items/umbrella/umbrella_closed" },
        { "predicate": { "custom_model_data": 1202 }, "model": "custom_items/umbrella/umbrella_open" },

        { "predicate": { "custom_model_data": 1301 }, "model": "custom_items/syringe/syringe_empty" },
        { "predicate": { "custom_model_data": 1302 }, "model": "custom_items/syringe/syringe_white" },
        { "predicate": { "custom_model_data": 1303 }, "model": "custom_items/syringe/syringe_orange" },
        { "predicate": { "custom_model_data": 1304 }, "model": "custom_items/syringe/syringe_magenta" },
        { "predicate": { "custom_model_data": 1305 }, "model": "custom_items/syringe/syringe_light_blue" },
        { "predicate": { "custom_model_data": 1306 }, "model": "custom_items/syringe/syringe_yellow" },
        { "predicate": { "custom_model_data": 1307 }, "model": "custom_items/syringe/syringe_lime" },
        { "predicate": { "custom_model_data": 1308 }, "model": "custom_items/syringe/syringe_pink" },
        { "predicate": { "custom_model_data": 1309 }, "model": "custom_items/syringe/syringe_gray" },
        { "predicate": { "custom_model_data": 1310 }, "model": "custom_items/syringe/syringe_light_gray" },
        { "predicate": { "custom_model_data": 1311 }, "model": "custom_items/syringe/syringe_cyan" },
        { "predicate": { "custom_model_data": 1312 }, "model": "custom_items/syringe/syringe_purple" },
        { "predicate": { "custom_model_data": 1313 }, "model": "custom_items/syringe/syringe_blue" },
        { "predicate": { "custom_model_data": 1314 }, "model": "custom_items/syringe/syringe_brown" },
        { "predicate": { "custom_model_data": 1315 }, "model": "custom_items/syringe/syringe_green" },
        { "predicate": { "custom_model_data": 1316 }, "model": "custom_items/syringe/syringe_red" },
        { "predicate": { "custom_model_data": 1317 }, "model": "custom_items/syringe/syringe_black" },

        { "predicate": { "custom_model_data": 1401 }, "model": "custom_items/stick_iron" },

        { "predicate": { "custom_model_data": 1501 }, "model": "custom_items/flashlight/flashlight_off" },
        { "predicate": { "custom_model_data": 1502 }, "model": "custom_items/flashlight/flashlight_on" },

        { "predicate": { "custom_model_data": 1601 }, "model": "custom_items/portable_crafting_table" },

        { "predicate": { "custom_model_data": 1701 }, "model": "custom_items/water_bottle/water_bottle_empty" },
        { "predicate": { "custom_model_data": 1702 }, "model": "custom_items/water_bottle/water_bottle_full" },

        { "predicate": { "custom_model_data": 1901 }, "model": "custom_items/lumberjack_axe/lumberjack_axe_wood" },
        { "predicate": { "custom_model_data": 1902 }, "model": "custom_items/lumberjack_axe/lumberjack_axe_stone" },
        { "predicate": { "custom_model_data": 1903 }, "model": "custom_items/lumberjack_axe/lumberjack_axe_iron" },
        { "predicate": { "custom_model_data": 1904 }, "model": "custom_items/lumberjack_axe/lumberjack_axe_gold" },
        { "predicate": { "custom_model_data": 1905 }, "model": "custom_items/lumberjack_axe/lumberjack_axe_diamond" },

        { "predicate": { "custom_model_data": 2001 }, "model": "custom_items/flute/flute_wood" },
        { "predicate": { "custom_model_data": 2002 }, "model": "custom_items/flute/flute_iron" },

        { "predicate": { "custom_model_data": 2101 }, "model": "custom_items/crouch_item" },

        { "predicate": { "custom_model_data": 2201 }, "model": "custom_items/industrial_leather" }
    ]
}